F1,F2,F3,F4,F5,F6,F7,F8,F9,F10,F11,F12,F13,F14,T1
1,43.50405221435957,6.91368293762207,2,3,8,15.03815746307373,1,0,7,1,2,0,803,1
0,17.206329010417836,1.009848952293396,1,11,4,2.49275541305542,1,1,1,1,2,18,-114,0
1,28.499197613631914,2.163968801498413,2,3,5,1.0112966299057007,1,1,9,0,2,0,-254,1
1,18.494442142859555,0.28551462292671204,2,6,4,1.225138783454895,0,1,0,1,2,63,-191,0
1,24.668902516203662,1.0192532539367676,2,3,4,2.1770436763763428,1,1,3,0,2,157,390,1
1,20.01884683989166,9.104399681091309,1,11,8,0.9617534875869751,1,1,15,0,2,0,-312,1
0,33.03658149823404,5.368046283721924,2,1,5,7.303462982177734,0,1,8,1,2,231,-133,0
0,38.64615756271003,13.064258575439453,2,1,1,0.0,0,0,0,0,2,93,7397,0
0,21.43308395740642,1.3319460153579712,2,11,4,1.2909362316131592,0,1,1,1,2,59,-383,0
1,20.995249263227404,8.150558471679688,1,8,4,0.18706826865673065,0,0,0,0,2,153,-68,0
0,19.973936599398623,4.944260597229004,2,11,4,2.605935573577881,1,1,7,0,2,107,-613,1
0,41.2647278054868,7.122068405151367,1,3,8,6.3428874015808105,1,1,13,0,2,0,1463,1
0,19.347457818912645,9.445287704467773,1,2,4,0.5254141092300415,1,0,0,1,2,116,-97,0
0,31.62646667018081,5.396868705749512,2,1,1,0.5626590251922607,0,1,0,0,2,98,7592,0
1,33.273039594794355,12.591872215270996,2,6,8,14.241094589233398,1,1,11,1,2,0,-786,1
0,21.410877304715246,0.7771210074424744,2,11,4,0.11727190762758255,0,1,0,0,2,153,-85,0
1,34.21685891610319,1.5291184186935425,2,3,5,1.0160428285598755,0,0,0,0,2,237,-73,0
0,22.883343638352766,8.274641036987305,2,8,4,0.4796649217605591,0,0,0,0,2,0,351,0
1,34.851090138528335,0.0,2,2,4,1.494030475616455,1,0,0,0,1,468,-56,1
1,26.245184686502135,2.6481211185455322,2,3,8,5.835599899291992,1,1,5,0,2,244,622,1
1,33.35730781059756,1.3785977363586426,2,7,5,1.9001530408859253,1,0,0,1,1,199,-88,0
1,21.449659683556693,1.473743200302124,1,8,4,2.116407871246338,0,1,1,1,2,118,-270,0
0,53.241444402708524,12.236528396606445,1,1,1,0.0,0,0,0,1,2,318,-76,0
1,41.040039124218985,2.194880723953247,2,8,8,6.1851348876953125,1,0,0,0,2,0,-150,0
1,34.930571513513556,2.6087846755981445,2,13,8,0.41464483737945557,1,0,0,1,2,0,-129,0
0,36.85071918911162,0.0,2,8,4,0.0,0,0,0,0,3,120,-31,1
1,23.11555842960943,0.7110456824302673,2,8,4,3.101027011871338,1,1,9,1,2,302,-78,1
1,32.88096425006002,3.407667398452759,2,3,5,3.1984148025512695,1,1,1,0,2,158,-113,1
0,20.849264991770884,3.5033915042877197,2,11,4,0.8118795156478882,0,1,1,0,2,143,-243,0
0,58.328611265138804,12.150418281555176,2,11,9,7.9528398513793945,1,1,15,0,2,0,1928,1
1,42.75789425509873,6.437806606292725,2,11,5,6.578293800354004,1,1,6,0,2,0,-257,0
1,15.78760736347378,1.8532874584197998,2,9,4,5.590916633605957,1,1,1,1,2,157,-432,1
1,26.200477348167798,0.0,2,7,4,0.5790737271308899,0,0,0,1,1,27,-87,0
1,25.413062401148935,0.45611146092414856,2,13,4,4.534567356109619,1,1,-1,1,2,48,-234,1
1,26.65487795451855,2.1388280391693115,2,6,5,10.425674438476562,1,0,0,1,2,154,-130,1
1,58.58664398990759,15.118059158325195,1,1,1,0.0,0,1,0,0,2,71,-188,0
1,19.025987322431376,4.343273162841797,2,9,5,5.917877674102783,1,1,6,1,2,70,-225,1
0,18.20274020921625,0.5809360146522522,2,11,4,1.5528558492660522,0,1,1,1,2,0,-241,0
1,23.681314225075525,11.851372718811035,2,8,4,1.323183536529541,1,1,9,0,2,89,-788,1
1,20.495039999623607,0.0,2,8,4,0.0,0,0,0,0,3,0,-41,1
1,23.093694257487847,12.3089599609375,1,6,8,5.21987247467041,1,1,11,0,2,68,-343,1
0,47.846328642312876,13.288959503173828,2,1,1,0.0,0,0,0,1,2,67,-22,0
0,19.04659926724446,7.953736782073975,1,11,4,0.22602584958076477,0,0,0,0,2,156,-145,0
1,22.084066535406002,12.364197731018066,2,13,8,2.967780828475952,1,1,9,0,2,80,-422,1
1,22.6507823377926,10.92016315460205,2,10,8,12.510984420776367,1,1,11,0,2,0,-530,1
1,33.66308295623737,0.15626215934753418,2,7,4,3.8021597862243652,1,1,4,0,2,245,-759,1
0,28.508717729635503,2.9356343746185303,2,13,4,3.362462282180786,1,1,4,1,2,216,-127,1
1,25.21425872184337,2.5996649265289307,1,8,4,1.4510585069656372,0,0,0,0,1,8,-91,0
0,58.58801787306684,7.037149906158447,2,9,5,0.6904926896095276,1,1,3,1,2,128,-202,1
1,21.821740786047652,11.569934844970703,1,9,8,0.0402909517288208,1,1,1,1,2,54,-179,0
0,22.597392414905304,1.1326045989990234,2,11,4,0.16785205900669098,0,1,0,1,2,127,-226,0
1,42.2119335782939,11.895334243774414,2,10,8,8.671680450439453,1,1,14,0,2,0,-719,1
1,35.135558034445964,1.8819392919540405,2,8,4,0.8561649918556213,0,0,0,1,2,148,-88,0
0,17.80902292280217,4.720268726348877,2,11,4,4.898853302001953,1,1,2,0,2,39,-228,1
0,32.61479840077866,2.634620428085327,2,1,1,1.1594157218933105,0,0,0,1,2,188,-60,0
1,18.501454967575615,2.7961127758026123,2,11,4,1.0621802806854248,1,1,2,1,2,139,-164,0
1,22.8738985727562,0.6821038126945496,1,8,4,0.29332292079925537,0,0,0,1,1,439,-63,0
1,31.33165012894073,1.3093103170394897,2,3,5,0.32302266359329224,0,0,0,0,1,162,-71,0
0,57.18471278762641,11.04857063293457,2,10,8,0.0,1,1,10,0,2,0,4631,0
1,22.18968631697601,6.884445667266846,1,8,4,0.0,0,0,0,0,2,116,-133,0
0,24.37586720118542,8.497987747192383,2,8,4,0.0,0,0,0,0,1,0,-36,1
0,36.25885172823609,1.4837185144424438,2,11,5,1.4830175638198853,0,1,0,1,2,181,-141,0
1,33.4626765903652,10.853047370910645,2,11,4,6.266665458679199,1,1,5,0,2,0,-459,1
1,24.771963270136666,0.0,2,8,4,0.0,0,0,0,0,3,114,-86,1
1,38.245153937080474,0.46635541319847107,2,3,8,2.8267109394073486,0,0,0,0,2,234,-122,0
0,65.56692308742397,11.340629577636719,2,1,1,0.0,1,1,15,0,2,39,3718,1
0,45.08947458220185,0.0,2,5,1,0.0,0,0,0,0,3,74,-33,1
0,21.90661076852347,9.814887046813965,1,5,1,0.0,0,0,0,0,2,82,5,0
1,34.02139627515571,4.542149066925049,2,8,5,0.45340409874916077,0,0,0,0,2,238,-78,0
1,33.66827760772339,1.321099042892456,1,4,8,1.0639086961746216,1,0,0,1,1,143,-40,0
0,52.289003429647934,10.6546630859375,2,11,5,0.8186762928962708,1,1,11,0,2,0,-431,0
1,21.84842855593344,2.6486265659332275,1,8,4,0.5298752784729004,0,0,0,1,2,87,-179,0
0,22.815623945476897,0.0,1,8,4,0.0,0,0,0,0,3,82,-35,1
1,32.200134408696336,3.226867437362671,2,9,4,1.602845549583435,1,1,0,1,2,117,-243,1
0,44.96638254508346,4.358334541320801,2,1,1,0.0,0,1,4,0,2,0,-108,0
0,23.91369172900468,0.08913110196590424,2,11,4,1.2160453796386719,0,0,11,1,2,286,-132,0
0,27.113094527391127,0.0,2,1,3,0.0,0,0,0,0,3,0,-61,1
0,35.55931828322392,0.6371006369590759,2,3,8,2.2878901958465576,1,0,0,0,2,295,3125,1
0,57.61981721729255,5.849175453186035,2,1,5,0.17010490596294403,0,0,0,1,2,213,8704,0
0,31.11356551515631,1.610835075378418,2,11,4,1.2317898273468018,0,1,1,1,2,178,-215,0
0,40.16166892864294,5.5301923751831055,2,12,3,0.784758985042572,0,0,0,1,2,215,-62,0
1,36.61556175849414,3.6319081783294678,2,3,5,0.630271315574646,0,0,0,0,2,221,-81,0
1,17.524492596528745,10.629040718078613,2,9,8,9.788824081420898,1,1,10,0,2,0,-424,1
1,34.01174579054018,1.0026352405548096,2,3,4,2.5046160221099854,1,1,0,1,2,279,-199,1
0,18.613294371474836,4.665823936462402,1,6,4,2.0356967449188232,1,1,4,0,2,55,-362,1
0,22.91054210602912,3.2592544555664062,1,11,4,8.853818893432617,1,1,6,0,2,0,-622,1
1,20.519433610392312,5.635197639465332,1,8,8,3.3071038722991943,1,1,14,0,2,76,-339,1
1,34.43753392213353,1.8760863542556763,2,2,4,1.17379891872406,0,0,0,1,2,312,725,0
1,46.760161684105356,9.190225601196289,1,14,8,7.698091983795166,1,0,0,1,2,317,-62,1
1,25.05595352972498,6.27728271484375,1,8,4,6.093410015106201,1,1,6,0,2,0,-347,1
1,35.69439280585483,0.0,2,3,4,0.4195481836795807,0,0,0,0,1,79,-65,1
1,18.07279548810049,12.884737014770508,2,11,4,1.148504376411438,1,1,7,1,2,0,-745,1
1,35.58493977180171,2.6764674186706543,2,8,4,1.0589818954467773,0,0,0,0,2,74,-39,0
1,23.335826601052005,2.857830047607422,2,9,4,0.8374355435371399,0,0,0,1,2,526,-134,0
0,35.63638537687221,1.52700674533844,2,4,4,0.22549492120742798,0,0,0,1,2,148,-93,0
0,18.077380166617665,3.4054698944091797,2,11,4,0.39224210381507874,1,1,1,0,2,105,-354,0
1,22.2537888846961,6.360771656036377,2,8,4,3.398280143737793,1,0,0,0,2,116,85,1
0,57.517568062620676,9.922111511230469,2,11,5,5.486947059631348,1,1,7,0,2,0,-439,1
1,38.379918857841346,-0.1216985359787941,2,8,5,0.0,0,0,0,0,3,197,-7,1
0,33.02956720467855,1.5029106140136719,1,6,4,0.5537382364273071,0,1,1,0,2,0,-134,0
0,21.62562510007179,2.164193868637085,1,11,4,2.6245405673980713,1,1,6,0,1,-17,-273,1
1,40.21683789552345,14.819778442382812,1,10,8,13.282910346984863,1,1,7,0,2,86,-486,1
1,44.80032978621853,4.864200592041016,1,5,5,0.0,0,0,0,1,2,147,-38,0
1,18.589390757606303,14.316205978393555,1,6,4,2.984792947769165,1,1,2,1,2,9,-544,1
1,49.099805596841136,2.706331968307495,2,5,5,0.0,0,0,0,0,1,147,-40,0
0,36.92290566680873,2.973130226135254,2,11,8,1.2785874605178833,1,1,6,0,2,0,-473,1
1,21.372852707839932,9.86312484741211,2,8,8,2.560245990753174,1,0,9,1,2,70,-259,1
0,52.97253213569975,10.376204490661621,2,5,5,0.38790613412857056,0,0,0,0,2,132,-45,0
1,32.01736497275376,1.7329398393630981,2,8,4,0.6646662354469299,0,0,0,0,2,225,-94,0
0,20.532379515030264,0.9418821930885315,2,9,4,0.4900696873664856,0,1,1,0,2,196,-142,0
1,24.712636313330357,10.65188980102539,2,11,4,6.198514938354492,1,1,8,0,2,0,-842,1
1,19.62427399250194,4.749056339263916,1,11,8,1.7106873989105225,1,1,5,0,2,228,-206,1
0,22.78681535799581,1.2943634986877441,2,8,4,-0.27720266580581665,0,0,0,0,2,192,-25,0
1,24.1937424784136,9.240487098693848,2,6,4,2.379457950592041,1,1,7,1,2,172,-221,1
0,21.125185794979927,9.549976348876953,2,13,4,3.6451940536499023,1,1,8,0,2,170,417,1
1,24.787061271187824,0.43176332116127014,2,8,4,-0.057181160897016525,0,0,0,0,1,122,-52,0
1,27.529024212897333,-0.5092161297798157,2,13,8,2.025890350341797,1,1,3,1,2,267,-89,1
0,56.29577612049606,4.402215003967285,2,1,1,0.0,0,1,13,0,2,67,-320,0
1,23.657759569073686,9.249409675598145,1,8,4,1.2999582290649414,0,0,0,1,2,53,-130,0
0,36.16354604691077,4.486491680145264,2,9,4,1.4879486560821533,0,1,0,0,2,236,-230,0
0,60.67970022923403,0.0,2,1,1,0.0,0,0,0,0,3,39,7271,0
0,70.7949724302338,11.675069808959961,2,5,8,0.0,0,1,0,0,2,0,12643,1
1,25.357540843122784,1.8205643892288208,2,13,8,3.5628573894500732,1,1,7,0,2,288,-338,1
1,35.37895113893956,1.1381003856658936,1,8,8,0.0,0,0,0,0,1,191,8297,1
1,23.959038443528147,1.2915096282958984,2,13,4,2.777270793914795,1,1,10,1,2,0,-195,1
1,22.598602819852466,1.0290535688400269,1,9,4,0.7510287165641785,0,0,0,0,2,143,-82,0
0,37.63752602415429,1.3256195783615112,1,8,4,1.6898763179779053,0,0,0,0,2,175,440,0
1,36.1935625236436,1.524343490600586,2,3,5,0.30773183703422546,0,0,0,0,2,183,-60,0
0,33.388329219908535,0.0,2,1,1,0.0,0,0,0,0,2,104,-51,0
1,22.775683397314193,4.817563533782959,3,8,4,0.8527317643165588,0,0,0,0,2,149,-120,0
0,50.762323636507574,7.786711692810059,2,11,8,0.5644873976707458,1,1,16,0,2,0,2009,1
1,26.82239488081474,2.2068326473236084,1,7,4,1.5516616106033325,0,0,0,1,1,-7,-70,0
1,33.50914734052409,1.0611579418182373,2,8,8,2.790869951248169,1,0,0,0,2,268,204,0
0,18.885458531782586,3.3161237239837646,2,8,4,0.7435712814331055,1,1,1,0,2,100,-329,1
1,25.90362566994417,-0.27148517966270447,1,4,4,0.7078234553337097,0,0,0,0,1,265,-83,0
0,17.595035316461942,0.4671138823032379,1,11,8,0.5690312385559082,0,1,1,0,2,131,7,0
1,34.827451347118235,0.7690176367759705,1,8,8,2.7143852710723877,1,0,0,0,2,211,-153,0
1,20.38295593849777,10.836380004882812,2,8,8,16.203609466552734,1,1,13,0,2,0,-296,1
1,18.527080395064104,1.3028489351272583,2,8,8,1.9324872493743896,1,1,6,1,2,77,-149,1
1,19.826746444205895,15.05485725402832,1,11,4,0.761132538318634,1,1,-1,0,2,61,-252,1
0,45.734268684850996,6.764897346496582,2,11,5,1.6588963270187378,0,1,2,1,2,-9,-221,0
1,34.61589459726018,1.517885684967041,1,4,4,1.3169183731079102,0,0,0,0,2,84,-187,0
1,23.34430930272742,0.06395033746957779,2,7,4,1.7576110363006592,1,0,0,1,1,112,-77,0
0,22.31978848073259,3.125967264175415,2,1,1,0.9039783477783203,0,1,1,1,2,109,-119,0
0,22.91599809867205,0.8330724835395813,1,5,1,0.0,0,0,0,0,2,50,-63,0
1,24.91415625058286,1.4657800197601318,2,11,8,1.4302271604537964,1,1,2,1,2,204,-143,1
0,61.11895721235116,14.660242080688477,1,5,1,0.0,0,0,0,0,3,57,6834,1
1,25.998610454378536,-0.2692362368106842,1,7,4,0.7465679049491882,0,0,0,0,3,149,-122,0
1,18.04936617485259,14.123261451721191,1,6,8,1.6879068613052368,1,1,1,1,2,20,-270,1
1,17.625686738152993,6.049801826477051,2,11,4,2.757017135620117,1,1,1,1,2,0,-478,1
1,19.211609021869783,1.6487523317337036,1,7,4,0.9759001731872559,0,0,0,1,1,274,-85,0
0,34.22378694186157,1.3805944919586182,1,8,8,0.40620535612106323,1,0,0,0,2,232,-59,0
0,37.7044573827241,10.09595775604248,2,9,1,0.0,1,1,7,0,2,0,5923,1
1,32.96868968523409,0.3365180194377899,2,3,5,2.9738569259643555,1,0,4,1,2,242,736,1
0,24.396336514588846,1.183540940284729,2,8,4,0.8926834464073181,1,0,0,0,2,0,-117,1
1,34.03605802733424,3.123046398162842,2,11,4,0.9821571111679077,1,1,2,0,2,317,-204,0
1,20.849024997931664,11.066754341125488,2,9,4,0.3943939507007599,0,0,0,1,1,26,-109,0
1,24.768528969671557,0.7942763566970825,2,7,4,0.8473029732704163,1,0,0,1,2,61,-24,0
0,51.905220086278156,2.3734772205352783,1,5,1,0.0,0,0,0,1,2,83,-63,0
1,37.50764002134531,1.5880446434020996,2,3,8,3.631474256515503,1,1,4,0,2,254,-328,0
0,21.23000372983523,0.5329284071922302,1,7,4,0.07837513089179993,0,0,0,1,1,0,-76,0
0,22.562768313204728,0.0,3,1,1,0.0,0,0,0,0,3,101,-4,1
1,15.206362303328582,11.84249210357666,2,7,4,3.1574440002441406,1,1,9,1,2,175,-178,1
0,35.8360102857391,1.7278847694396973,2,3,5,0.986782968044281,0,1,0,0,2,191,-111,0
0,22.339750323750753,10.841809272766113,2,1,1,0.0,0,1,11,0,2,81,-253,0
0,19.93708560225711,1.4778448343276978,1,8,4,-0.06169618293642998,0,1,0,1,2,60,-326,0
0,32.3347403071073,0.879521369934082,2,4,4,0.3035452961921692,0,0,0,0,2,24,5874,0
1,31.92528162240908,5.855180263519287,2,8,5,5.956680774688721,1,1,2,1,2,119,-149,1
1,35.211902474995966,11.633111953735352,1,6,4,1.086602807044983,1,0,0,1,2,68,-102,1
1,21.57599755887365,4.5366339683532715,1,1,1,0.37639400362968445,0,1,3,1,2,0,-166,0
0,68.46880214597205,5.039328575134277,2,1,1,0.0,0,0,0,0,2,0,7090,0
1,23.98979788928242,4.574077606201172,2,8,4,1.0821470022201538,1,1,1,1,2,80,-249,1
0,32.78300788572242,1.7941036224365234,2,7,4,2.695718765258789,1,1,0,1,2,242,-101,0
0,21.632667042523796,12.775590896606445,3,11,4,1.4623067378997803,0,1,1,1,2,149,-563,1
0,22.584645813208002,0.0,2,8,4,0.0,0,0,0,0,3,103,-58,1
0,32.74918724204486,3.013317108154297,2,11,5,6.834323406219482,1,1,1,0,2,129,1452,1
1,30.916494114217503,1.5507442951202393,2,7,4,0.14249852299690247,0,0,0,0,1,272,-68,0
0,41.5821255282658,2.6918680667877197,2,3,8,7.187094688415527,0,0,0,0,2,196,2786,0
0,49.49945779456929,0.0,2,5,5,0.0,0,0,0,0,2,51,9389,0
1,30.91855529668558,0.34134796261787415,2,8,8,0.43582555651664734,0,0,0,0,2,268,612,1
1,23.500365922255998,1.3538947105407715,2,7,4,1.3020970821380615,1,0,0,1,1,75,-107,0
0,34.338353783767985,12.332793235778809,1,1,1,1.0730552673339844,0,1,2,1,2,386,-86,0
1,32.83936307885695,-0.029973207041621208,2,11,4,2.754088878631592,1,1,10,1,2,205,-334,1
1,37.34555731071873,2.191274404525757,2,8,3,3.553579568862915,0,0,0,1,1,176,-106,0
1,16.501212551924148,11.395106315612793,2,8,8,2.979431629180908,1,1,7,1,2,0,-368,1
1,34.214796412969,1.7417601346969604,2,3,5,1.3249088525772095,1,0,0,1,2,182,-50,1
1,49.828152118293744,0.0,2,8,4,1.0262079238891602,0,0,0,1,2,307,-105,0
0,21.48125680608954,10.529187202453613,1,11,8,1.1340882778167725,1,1,14,0,2,94,-394,1
0,35.19896283716283,0.0,2,1,1,0.0,0,0,0,0,2,0,29,0
1,21.374406430517176,0.9883390069007874,2,11,4,0.5945870280265808,0,1,1,1,2,55,-188,0
0,31.630616297438856,2.8109421730041504,2,13,4,4.8369903564453125,1,1,11,0,2,144,138,1
0,18.066235353185416,4.790149211883545,2,11,4,1.3802813291549683,1,1,1,1,2,1,-2,1
1,27.13752519590989,3.8489983081817627,2,11,4,3.097839593887329,1,1,7,1,2,0,-470,1
1,37.7168856055069,1.0170066356658936,2,8,5,0.7728189826011658,0,0,0,0,2,281,-51,0
1,18.21297918808189,1.5424121618270874,1,8,4,0.1121477261185646,0,1,0,0,2,124,-99,0
0,34.81963319240019,1.9967634677886963,2,4,5,0.031207852065563202,0,0,0,0,2,113,9,0
1,20.68868272538511,1.2161566019058228,2,8,4,0.7491937875747681,0,1,4,1,2,165,-309,0
1,32.71764398095295,1.0152596235275269,2,11,4,0.7462840676307678,1,1,1,1,2,131,382,1
0,16.390725302887788,1.2226148843765259,2,8,4,1.5027620792388916,0,1,7,1,2,85,-58,0
1,20.078314355980094,4.475437164306641,1,7,4,1.0151118040084839,1,1,7,1,2,79,-218,1
0,30.144634389566907,1.1455793380737305,2,11,4,0.4979843199253082,0,1,4,0,2,247,-281,0
0,57.8371729231652,3.0338501930236816,2,3,5,1.0480884313583374,1,1,11,0,2,0,1977,1
1,23.97708445238764,1.6430329084396362,2,2,4,2.232832431793213,0,0,0,1,1,0,-81,0
0,23.922134962498948,0.0,2,8,4,0.8112050890922546,0,0,0,1,1,187,-70,0
1,25.09919316379457,0.0,2,4,4,0.49414145946502686,0,0,0,1,1,0,-50,0
1,28.594365945681563,2.8862321376800537,2,3,5,0.27527886629104614,0,0,0,0,2,183,-127,0
0,31.293206859078683,2.8138809204101562,2,3,5,7.352220058441162,1,1,0,1,2,286,-246,1
0,36.63120070926245,3.002098560333252,2,5,3,0.0,0,0,0,0,2,74,-35,0
1,20.993356041685317,0.6272082924842834,1,7,4,0.19966980814933777,0,0,0,1,1,0,-48,0
1,34.04872932372383,12.04079818725586,2,11,8,6.7969183921813965,1,1,9,0,2,83,-598,1
1,22.242586845244727,1.1662514209747314,2,3,4,0.49934932589530945,0,0,0,0,1,108,-42,0
1,22.16629995523216,4.530838489532471,2,8,4,1.0326677560806274,0,0,0,1,2,39,-113,0
1,41.55561485406128,0.0,2,7,4,0.09908138960599899,0,0,0,1,2,39,-209,0
1,32.67388054326174,1.2056132555007935,2,3,5,0.8286157846450806,1,0,0,1,2,265,-59,0
1,23.129987069906154,0.7534933090209961,1,8,4,0.1700194925069809,1,0,0,1,1,197,-25,0
0,20.217547634861724,4.486123561859131,2,6,1,0.7638534903526306,0,0,0,1,2,0,-79,0
1,24.459419966808216,5.677410125732422,1,9,5,1.1346373558044434,0,0,1,1,2,149,-106,0
1,30.142826020326037,2.2671501636505127,2,8,8,1.800054669380188,1,0,0,1,2,78,-155,1
1,29.523353996371853,4.112088680267334,2,11,4,2.8474016189575195,1,1,0,1,2,27,-299,1
1,33.472346790639115,4.432104110717773,2,11,4,1.952917456626892,1,1,4,0,2,160,-315,1
1,44.78962354180235,1.9699896574020386,2,7,4,1.2208096981048584,1,0,0,1,1,114,-60,0
1,19.486198826070986,8.563945770263672,1,11,4,0.26748743653297424,0,0,0,1,2,80,-56,0
1,27.405243460858788,-0.09913696348667145,2,7,8,2.030726432800293,1,0,0,1,1,269,-16,0
1,21.4892479184886,3.8477680683135986,1,8,4,1.301047444343567,0,0,0,0,1,63,-89,0
1,18.448648140714035,10.665773391723633,2,13,8,8.142975807189941,1,1,12,0,2,0,-635,1
0,21.25692455534972,5.398807048797607,2,5,1,0.0,0,1,0,1,2,96,-128,0
0,74.72599813896056,11.571603775024414,2,1,5,0.0,1,1,7,1,2,229,-180,1
1,22.964888767790864,13.624625205993652,1,11,8,4.1571044921875,1,1,11,0,2,113,-290,1
1,38.79102262468763,8.001104354858398,2,14,8,8.757196426391602,1,0,0,1,1,100,-76,1
1,36.56612054724887,0.969301164150238,2,12,8,0.3714209496974945,0,0,0,0,2,0,-87,0
1,22.1409808468945,0.8822878003120422,1,9,4,-0.07057664543390274,0,0,0,1,2,113,-55,0
0,25.85495537431516,11.991423606872559,2,11,1,5.563623905181885,1,1,14,0,2,0,-218,0
0,34.967822495525695,1.8239716291427612,2,5,5,0.0,0,0,0,0,2,281,5694,0
1,36.720361016769594,0.8794501423835754,2,13,8,4.811606407165527,1,0,0,1,2,0,3693,1
1,35.63186435943674,0.48580402135849,2,3,8,9.721768379211426,1,0,0,1,2,711,-84,1
1,21.296791399243315,7.293123245239258,2,1,1,0.6184912919998169,0,1,2,1,2,210,-221,0
1,34.55074255327678,3.0706496238708496,2,9,4,3.255054235458374,0,0,0,1,2,297,-93,0
1,31.356241969617415,4.155438423156738,2,3,5,0.2560729384422302,0,0,0,0,2,274,-88,0
0,54.399373284082834,11.933855056762695,2,10,5,0.0,1,1,15,1,2,0,-293,1
0,38.798017976995766,1.677841305732727,2,4,4,0.8912888169288635,0,0,0,0,2,218,-86,0
0,23.09943221445657,3.3578033447265625,2,9,5,0.3386785089969635,0,0,0,0,2,162,-166,1
1,33.86289256969338,0.8997281789779663,2,3,4,0.33917728066444397,0,0,0,0,2,139,-95,0
1,19.741597994944833,5.4113969802856445,2,11,4,2.2076306343078613,1,1,1,0,2,88,-364,1
0,25.56181347763654,13.055855751037598,2,1,8,0.0,1,1,11,0,2,100,-261,0
0,35.2312021836292,3.745204448699951,2,3,5,0.5678099393844604,0,0,0,0,2,231,-46,0
1,17.157094103690305,1.7141406536102295,2,8,4,2.4502999782562256,1,1,1,0,2,0,-162,1
1,40.57377204755869,0.0,2,8,4,0.5471975803375244,0,0,0,0,3,48,-107,0
1,63.02243638681636,15.378491401672363,2,11,9,17.32242202758789,1,1,10,1,2,0,-571,1
0,29.62262997736383,4.669538497924805,2,9,4,0.9133838415145874,1,1,1,1,2,185,-171,1
0,30.83799145650517,1.2596334218978882,2,3,5,0.938490629196167,0,1,7,0,2,275,-152,0
0,52.29297291064861,5.22279167175293,2,5,5,0.0,0,0,0,1,2,125,-37,0
1,24.930541872317853,0.0,1,8,4,2.135403633117676,0,0,0,0,3,45,-50,0
0,61.100260308526366,13.987763404846191,2,1,1,0.0,0,0,0,1,2,81,7342,0
1,19.394216125708823,0.36578279733657837,1,8,4,0.045176319777965546,0,0,0,0,3,176,-85,1
1,33.02561652633699,1.3081640005111694,2,8,4,0.6098645329475403,0,0,0,0,2,99,16206,0
0,40.32230589978738,2.8434858322143555,2,11,4,1.4746023416519165,1,1,9,0,2,95,-840,1
1,27.167885045831913,1.1700209379196167,2,8,8,0.4620073139667511,1,0,9,0,2,0,130,1
1,24.855112604839384,0.05494245886802673,1,8,4,0.4697764813899994,0,0,0,1,1,220,-116,0
1,25.803777086195733,-0.19448617100715637,2,2,4,0.8486818671226501,0,0,0,1,2,91,-119,0
1,27.54477221295321,1.2071802616119385,2,3,8,0.7319278717041016,1,0,4,0,2,373,2505,1
1,31.146345014062597,1.1591718196868896,2,3,5,0.6804777383804321,1,0,0,1,2,241,-123,0
0,29.061007845791725,3.8315980434417725,2,11,4,1.0581462383270264,0,1,1,0,2,166,-215,0
1,36.34700241789831,2.585236072540283,2,3,5,6.0300140380859375,1,0,0,0,1,168,-52,0
1,23.933427866916347,0.8770036101341248,1,4,4,1.179297924041748,1,0,0,1,2,102,634,0
0,34.76029339997688,4.2753586769104,2,11,8,1.0817781686782837,1,1,10,0,2,0,299,1
0,41.586414297132094,18.063154220581055,2,5,5,7.0657148361206055,1,1,9,0,2,0,2234,1
1,40.21687820505379,12.030951499938965,2,13,4,2.771583080291748,1,1,8,1,2,74,-448,1
1,38.33879633377068,2.3438093662261963,2,7,4,0.5660374760627747,0,0,0,0,1,0,-116,0
0,39.70196563219767,1.9964429140090942,2,11,5,1.001410961151123,0,1,1,0,2,110,438,1
1,33.22615826735268,14.381699562072754,2,11,4,9.963667869567871,1,1,12,0,2,0,-777,1
0,22.388961103135564,0.298556387424469,2,11,4,3.1719698905944824,1,1,5,1,2,150,-195,1
1,20.409884157187403,4.660342693328857,2,8,4,1.8569984436035156,1,1,6,0,2,121,-128,0
1,56.636106126067205,4.9148125648498535,2,4,1,-0.18362891674041748,0,0,0,1,2,111,-75,0
0,31.15647650414287,3.511096715927124,2,11,5,7.822922229766846,1,1,2,0,2,164,-229,1
0,57.32973572859785,9.662378311157227,2,11,9,7.167396068572998,1,1,12,0,2,0,-408,1
1,16.185921458575503,0.7028826475143433,2,13,4,6.910544395446777,1,1,11,1,2,0,-826,1
0,31.602415736610393,2.2664794921875,2,9,1,0.9063751697540283,0,1,1,1,2,301,-64,0
1,46.60090981483505,6.184621810913086,2,9,5,2.6966254711151123,1,1,1,1,2,207,-127,0
0,33.03594003183666,5.945642471313477,2,5,4,0.5381209850311279,0,0,0,0,2,117,-56,0
1,30.47520353213187,2.4152092933654785,2,5,1,3.2860922813415527,0,0,0,0,2,206,-40,0
1,33.61628336021653,1.8278582096099854,2,8,5,0.45945504307746887,0,0,0,1,2,154,-77,0
1,21.67364280581809,0.6196127533912659,2,7,4,0.26651015877723694,1,0,0,1,2,216,-110,0
0,20.192810753284128,1.5939754247665405,1,11,4,2.9174282550811768,0,1,0,0,2,210,-404,0
0,34.305921431382636,4.818143844604492,2,11,4,1.1125656366348267,0,1,19,0,2,145,-176,0
1,28.86595715833798,0.3390631377696991,2,3,8,1.8056386709213257,1,0,0,0,2,0,-32,1
0,19.42722244429428,3.361403703689575,2,11,4,0.5006049275398254,0,1,0,0,2,124,-108,0
0,16.63448215451292,0.1623547375202179,2,11,4,0.8250039219856262,1,1,2,1,2,38,-103,1
1,37.44950197188274,7.76076078414917,2,5,8,13.996448516845703,1,0,0,0,2,0,5880,0
0,57.89563652232586,14.424131393432617,2,8,5,10.374966621398926,1,1,5,1,2,0,-316,1
0,51.46311523484218,0.0,2,5,1,0.0,0,0,0,0,2,0,-66,0
0,25.694216827581002,6.090693473815918,2,8,4,0.8163319826126099,0,0,0,0,2,81,-22,1
0,51.172737471099445,3.6465163230895996,2,8,5,0.5002208352088928,0,0,0,0,2,0,-65,0
0,65.94871480408197,26.143936157226562,2,1,1,0.0,0,1,0,1,2,0,5595,0
1,22.01419980759837,9.327253341674805,2,13,8,0.5011878609657288,0,0,0,0,2,70,-173,0
0,19.771864289081574,1.6422532796859741,1,8,4,1.2918885946273804,1,1,9,1,2,563,-134,0
1,23.01999880332129,4.00567626953125,1,6,4,0.7985822558403015,1,1,2,1,2,58,-62,1
1,22.885243400011323,11.168301582336426,2,8,8,0.732976496219635,1,1,9,0,2,88,-372,0
1,34.447101770783746,1.6146599054336548,2,8,8,0.6952038407325745,1,1,0,0,2,210,-71,0
1,23.155814501687747,0.0,2,7,4,0.22455644607543945,0,0,0,1,1,81,-87,0
1,38.12953852895572,1.9355921745300293,2,8,9,0.4829060733318329,0,0,0,0,2,356,6114,0
1,33.01165897219618,1.223494291305542,1,8,4,0.050315070897340775,0,0,0,0,1,136,-95,0
1,34.6283135753802,1.4649264812469482,1,4,8,2.4448511600494385,1,0,0,0,2,270,743,0
0,29.794423734580512,3.640197277069092,2,11,4,1.0483089685440063,1,1,2,0,2,138,-365,1
1,26.962713905293263,3.564577579498291,2,8,8,0.7046442627906799,0,0,0,1,2,227,-61,0
0,21.487125337905383,4.440468788146973,1,11,4,2.464332342147827,1,1,3,0,2,16,-473,1
1,32.6069862635722,1.570692777633667,1,4,4,0.4804321825504303,0,0,0,0,2,128,-46,0
1,21.52961954563265,0.6426849365234375,1,2,5,6.336972236633301,1,0,0,1,1,73,-102,0
0,23.96892238703107,7.529140472412109,2,8,4,0.4475875794887543,0,0,0,0,2,137,-106,0
1,34.81999709717452,2.6119253635406494,2,11,4,3.5637364387512207,1,1,1,1,2,131,-414,1
1,48.85217441046499,3.9264144897460938,2,9,5,13.083630561828613,0,0,0,1,2,142,-15,0
1,18.51198330394219,1.720780849456787,2,11,4,1.8498212099075317,1,1,1,1,2,10,-150,0
1,22.118258434931317,1.045181393623352,1,6,4,0.2999905049800873,1,0,0,1,1,18,-51,0
0,22.212353891484344,9.77483081817627,1,1,1,0.0,0,0,0,0,2,144,-110,0
1,43.818965381484745,11.803253173828125,2,11,4,6.867766380310059,1,1,9,0,2,0,-667,1
0,25.16642055651186,3.8575973510742188,2,1,3,0.0,0,0,0,0,2,89,-25,0
1,44.56982276015824,1.6119756698608398,1,3,5,0.7061086893081665,0,0,0,0,2,100,5431,0
1,34.704449976752514,2.3061599731445312,2,3,5,1.8881691694259644,0,0,0,1,2,190,-125,0
0,23.362532342040446,10.361098289489746,1,8,4,0.0,0,0,0,1,2,109,-99,0
0,29.254958607040535,2.906207799911499,2,8,4,1.1096247434616089,1,1,3,0,2,265,-265,1
1,24.396041015065485,0.24915239214897156,1,8,4,0.8963338136672974,0,0,0,1,2,0,-77,0
1,23.068421969396667,2.320915699005127,2,7,4,0.9234567880630493,1,1,1,1,2,213,-122,1
1,22.579105922244857,1.2093805074691772,1,12,4,0.06399370729923248,0,0,0,0,2,131,-62,0
1,33.968158148837674,3.8128678798675537,2,3,8,2.6480042934417725,1,0,0,1,2,128,-59,1
1,33.516574200739726,0.9689564108848572,2,3,8,2.2260568141937256,1,0,3,0,2,442,1029,1
1,63.6439421621781,15.334808349609375,2,11,8,8.329938888549805,1,1,12,1,2,82,-257,1
0,53.31601300289283,4.709955215454102,2,5,1,0.0,0,0,0,0,2,0,-14,0
1,18.503060082769483,4.849327087402344,1,11,4,0.5147649049758911,1,1,5,0,2,284,-213,0
1,19.039533211667376,12.853753089904785,2,6,8,0.6410937905311584,1,1,2,1,2,120,-220,1
0,18.683745188553964,9.585399627685547,1,11,4,0.7066541910171509,1,1,2,0,2,422,-231,1
1,23.916293386805265,-0.3851770758628845,2,7,4,3.6100778579711914,1,1,7,1,2,252,-314,1
1,23.30315308908909,1.5452649593353271,1,8,4,-0.027286235243082047,0,0,0,0,2,189,-95,0
1,29.930780624006438,1.0296868085861206,2,13,4,4.728508472442627,1,1,0,1,2,52,-82,1
1,45.58657322201771,14.16110610961914,2,14,8,8.725699424743652,1,1,5,1,2,79,-192,1
1,21.88160348094004,11.712667465209961,2,8,8,2.465790033340454,1,1,9,0,2,0,-420,1
1,37.82322909516982,7.84724760055542,2,13,8,-0.004534432664513588,1,1,11,1,2,0,883,1
1,24.494443721238493,8.280006408691406,2,6,4,1.0913817882537842,0,0,0,1,2,126,-45,0
0,58.933481969152865,18.708805084228516,2,8,9,6.127506256103516,1,1,10,0,2,0,-22,1
0,40.33755016005471,2.8523519039154053,2,3,5,1.4226142168045044,0,1,7,0,2,215,4135,1
0,19.589249905808547,9.715920448303223,1,8,4,0.9651034474372864,0,0,0,1,2,129,-117,0
1,50.60466432959863,10.507501602172852,2,8,8,0.9632304310798645,1,1,10,0,2,0,291,1
0,33.457649946475314,3.248656988143921,2,11,4,0.8544453382492065,0,1,1,0,2,292,899,0
1,23.99014352647066,0.5329256057739258,2,13,4,2.9695184230804443,1,1,7,0,2,184,38,1
0,19.505841923717025,11.702392578125,2,11,4,7.892295837402344,1,1,11,1,2,0,-520,1
1,21.167769108597867,0.6891908049583435,2,11,4,2.2460944652557373,1,1,0,1,2,80,-486,1
1,35.14248587153775,1.296843409538269,1,8,4,0.5600123405456543,0,0,0,0,2,105,-51,1
1,19.66098736284466,0.700767457485199,1,8,4,0.21387511491775513,0,0,0,0,2,88,-27,0
0,35.929191203956364,0.827450156211853,2,4,4,0.7809844017028809,1,1,3,1,2,32,225,1
1,28.619938569613193,0.9135968685150146,2,8,4,4.2778754234313965,1,1,4,1,2,107,20,1
0,34.10486312811748,3.500035047531128,2,13,4,6.2003631591796875,1,1,1,0,2,166,-200,1
0,33.283844814769644,-0.10243257135152817,2,8,4,1.013370394706726,0,0,0,1,2,585,-47,0
0,37.596544622691056,4.650157928466797,2,3,5,0.011557755060493946,0,0,0,0,2,59,-55,0
1,23.876222321197837,2.028928756713867,2,7,4,1.7270231246948242,1,1,0,1,1,-7,-116,0
0,19.816248362986823,0.32245728373527527,2,2,4,1.3934537172317505,0,0,5,1,2,158,388,0
1,14.333274270506603,1.2344720363616943,2,11,4,2.202746868133545,1,1,6,1,2,117,77,1
1,25.271746004405358,0.0,2,8,4,-0.1047656387090683,0,0,0,0,3,111,-86,0
1,29.322948007832856,4.564291000366211,2,8,8,1.5027540922164917,1,0,0,0,1,113,-91,0
0,18.131742979623564,7.957679271697998,1,11,8,0.4275994598865509,0,0,0,0,2,162,-150,0
0,30.611138374401634,3.929337501525879,2,8,5,0.5254027247428894,0,0,0,0,2,0,7045,0
1,20.902825929626786,1.00008225440979,2,8,4,0.1590743064880371,1,0,0,0,2,224,-98,0
0,19.734541721107167,5.463166236877441,1,8,4,0.275264173746109,0,0,0,0,2,105,-68,0
1,23.162167378043634,3.4800491333007812,2,8,4,2.1455681324005127,1,1,8,1,2,223,-246,1
1,14.849433001455582,7.780814170837402,2,13,8,3.0819191932678223,1,0,0,0,2,436,-304,1
1,27.48463549286444,3.820298671722412,2,13,8,0.20608551800251007,0,0,0,0,2,155,-76,0
1,23.85228162771244,7.091741561889648,1,6,4,0.32062262296676636,0,0,0,0,2,149,-84,0
0,56.61183105506824,4.321110725402832,2,1,1,0.0,0,0,0,0,2,89,-104,0
1,27.38710354580701,0.9496635794639587,1,9,8,1.8293201923370361,1,0,0,1,2,196,-206,1
1,36.18042831049049,1.3855541944503784,1,11,4,2.3966498374938965,0,1,2,1,2,105,-272,1
1,32.511909668225314,13.211142539978027,1,8,8,11.927887916564941,1,0,0,1,2,76,300,1
1,33.61397474151899,2.2639410495758057,2,7,4,1.8995593786239624,0,0,0,1,1,123,-87,0
0,61.61517424914711,6.910008907318115,2,1,1,0.0,0,1,3,1,2,0,-3,0
1,31.155100275720592,1.4447675943374634,1,4,4,0.37228965759277344,0,0,0,1,1,400,-79,0
1,26.160331269736155,1.0911998748779297,2,8,8,1.9722588062286377,1,0,0,1,2,135,-36,0
0,26.030710019202314,3.227701425552368,2,3,5,0.4385477602481842,0,0,0,0,2,318,6,0
1,26.716689109656112,3.549443483352661,2,9,8,7.762638568878174,1,1,0,1,2,225,-304,1
1,35.97448061827783,10.869462013244629,2,11,4,7.456934928894043,1,1,1,0,2,98,-423,1
0,33.809440401131866,5.5962748527526855,2,11,5,7.511391639709473,0,1,2,1,2,161,-166,0
0,21.167822349763963,11.740585327148438,2,11,2,0.7297743558883667,0,1,13,1,2,0,-228,0
0,21.792935098966044,5.364124774932861,2,9,4,1.9917439222335815,0,1,6,0,2,110,-232,0
1,21.489681329163645,12.628486633300781,1,11,4,1.758805513381958,1,1,3,0,2,68,-303,1
0,44.589713833819495,10.221311569213867,2,11,4,0.9701195955276489,1,0,0,1,2,0,7239,1
0,65.11445935851496,15.055831909179688,2,1,9,1.3815698623657227,0,0,10,1,2,0,5783,0
1,20.808241400320483,0.07697875797748566,1,6,4,0.9105499982833862,0,0,0,1,2,122,-55,0
1,20.858249291944382,1.340584397315979,2,9,4,1.1155931949615479,1,0,0,0,2,102,-77,0
1,24.92003924145254,7.005112648010254,1,8,4,0.4930811822414398,1,0,0,0,2,202,-208,0
1,22.13408474903981,5.169216632843018,2,8,5,0.2721359133720398,0,0,0,0,2,141,-89,0
0,34.101235163973776,1.3068780899047852,2,8,4,0.09138597548007965,0,1,0,0,2,274,168,0
1,22.36130580210345,-0.38675421476364136,2,7,4,1.606324315071106,0,1,2,1,2,297,178,0
1,32.3230805705019,1.662938117980957,2,2,5,1.2479908466339111,0,0,0,1,2,174,9028,0
1,42.950440452782594,7.676518440246582,1,1,5,0.4688638150691986,0,0,7,1,2,150,-81,0
0,54.251362735087355,4.478759765625,2,5,5,0.0,0,0,0,0,2,71,-37,0
1,19.525309405018156,13.250598907470703,1,6,8,0.07374073565006256,1,0,3,1,2,45,-304,1
1,26.99297931697931,9.684074401855469,2,1,1,0.14392659068107605,0,0,0,0,2,0,-60,0
1,29.46110873850155,2.3374125957489014,2,3,4,3.41192364692688,1,1,0,1,2,194,-124,1
0,22.844555089053603,0.0,1,1,5,0.7022300362586975,0,0,0,1,2,0,-74,0
1,19.55640942182858,5.725366115570068,1,9,4,2.7638556957244873,1,1,1,1,2,59,-470,1
0,22.22440161064843,3.5839059352874756,1,11,4,4.293858528137207,1,1,1,1,2,-9,-307,1
0,20.882663489862328,1.894181728363037,1,1,1,0.7299953699111938,0,0,0,1,2,100,-62,0
0,33.47816319286414,6.967711448669434,2,8,4,0.6408738493919373,0,0,3,0,2,0,-244,0
1,15.512331472619415,0.9186663031578064,2,6,8,2.3043434619903564,1,1,8,1,2,236,-219,1
0,79.47655690912148,26.192033767700195,2,1,1,0.0,1,1,4,0,2,0,-205,1
0,20.025430860449497,8.850006103515625,2,11,4,1.1883938312530518,0,1,2,0,2,95,-165,0
0,32.60794308617054,1.739561915397644,2,11,4,1.4595056772232056,0,1,2,0,2,182,493,1
0,24.300124235598627,0.0,2,4,4,0.3532225787639618,0,0,0,0,2,70,13,0
0,45.91519112559089,8.248244285583496,2,8,8,0.0,1,0,0,0,2,0,17,1
0,24.918153185603284,13.66887092590332,1,1,3,0.0,0,0,0,0,2,0,2,0
0,25.308048314565735,1.287571668624878,2,11,4,1.1920634508132935,0,1,-1,0,2,42,-305,0
1,33.518773210029536,8.678868293762207,2,13,8,8.93043327331543,1,0,0,0,2,0,-130,1
1,23.779415062220433,1.5340763330459595,2,8,4,1.285886287689209,1,0,0,1,1,192,-44,0
1,20.694515144383914,3.4212217330932617,2,8,4,0.357946515083313,1,0,0,0,2,401,-70,0
1,25.152254777975507,0.8135309219360352,1,8,4,-0.5993406772613525,0,0,0,0,1,43,-98,0
0,26.483925768565086,10.550515174865723,2,1,4,0.0,0,0,0,1,2,0,-56,1
1,35.90663535875833,1.9067264795303345,2,2,4,0.23058100044727325,1,0,0,1,2,131,-35,0
0,23.354241862918723,0.0,2,8,4,0.0,0,0,0,0,3,44,-29,1
1,32.644552855812684,0.7415602803230286,2,14,8,1.4119341373443604,1,0,0,1,1,26,-22,0
0,63.43801823911116,13.143753051757812,2,10,9,0.0,1,1,17,0,2,0,554,1
0,36.28884330097937,3.240206480026245,2,8,4,7.086513042449951,0,1,2,0,2,204,-402,0
1,24.485561674364266,0.12238974124193192,1,3,4,-0.08117804676294327,0,0,0,0,3,287,-53,1
0,70.93402149880819,14.162471771240234,2,1,1,0.0,0,0,0,0,2,13,8347,0
0,20.93614822114369,0.30294543504714966,2,8,4,1.2293097972869873,0,0,0,1,2,205,-159,0
1,33.79226994933978,8.408499717712402,2,13,4,1.3400076627731323,1,0,0,0,3,73,-98,1
1,21.044024883166895,0.0,2,9,8,0.0,0,0,0,0,3,61,-48,1
1,36.25207256041522,3.1607866287231445,1,8,8,0.44784843921661377,0,0,0,0,2,94,-155,0
0,20.1018419415868,0.1205480769276619,2,11,4,0.8387134075164795,0,1,7,0,2,282,-144,0
1,27.409499779072046,1.6607208251953125,2,8,4,3.287813663482666,1,1,0,1,2,219,-656,1
1,41.20637774483661,11.040872573852539,2,10,8,1.8297736644744873,1,1,9,0,2,0,-116,1
1,20.422625896450285,0.8814817070960999,1,4,4,0.3331802785396576,0,0,0,0,2,246,1355,0
1,24.240430715833163,4.087954998016357,1,6,4,0.34100672602653503,0,0,0,0,2,357,-72,0
0,42.39774024188198,5.147588729858398,2,11,4,10.002516746520996,1,1,1,0,2,117,-1108,1
1,22.222476442059147,8.409733772277832,1,6,4,0.8718006014823914,0,0,0,1,2,166,-104,0
1,40.037811850229886,1.6618893146514893,2,13,4,7.448665142059326,1,1,5,1,2,181,-490,1
1,22.52102937518878,1.2052719593048096,1,8,8,1.6044721603393555,1,1,2,1,2,72,-111,1
1,39.66898444870938,1.5772873163223267,2,7,4,0.7446674108505249,0,0,0,0,2,155,7571,0
0,21.772698215614962,0.0,1,1,1,0.0,0,0,0,0,2,58,-63,0
1,49.4490441765748,11.933939933776855,2,10,5,6.824167728424072,1,1,13,0,2,0,-103,1
1,36.322782910731995,-0.25885969400405884,2,7,4,0.7557453513145447,0,0,0,1,2,179,-146,0
1,49.726202765753804,12.628348350524902,2,5,9,0.0,0,0,0,0,2,0,9887,0
1,20.301141924966824,11.182014465332031,1,8,8,0.8446238040924072,1,1,6,0,2,109,-189,1
0,41.91719738760725,4.8338751792907715,2,11,4,4.4045538902282715,1,1,6,0,2,86,203,1
1,41.03777574409014,1.1622320413589478,1,14,4,0.9459415674209595,1,0,10,1,2,92,361,1
0,22.81816702711395,7.579729080200195,2,11,4,1.4548102617263794,0,1,11,0,2,94,2862,0
0,33.24453419743837,4.075881481170654,2,3,5,5.840372085571289,0,0,0,1,2,327,16,0
1,35.45323502308954,0.971278727054596,2,8,4,1.022144079208374,0,0,0,0,2,132,-41,0
0,30.808780397434234,3.017486095428467,2,11,4,8.843356132507324,1,1,0,0,2,42,-286,1
0,17.66521178987273,9.249035835266113,1,8,4,0.28568556904792786,0,0,0,0,2,107,-182,0
1,32.75248199741176,1.1486001014709473,2,7,4,2.3456714153289795,1,1,2,1,2,111,-150,1
1,17.343663721923047,7.434305667877197,1,5,8,0.0,0,0,0,0,2,58,-59,0
1,18.20297103851256,2.6578338146209717,2,11,4,6.491989612579346,1,1,1,1,2,0,-216,1
0,85.50486329595478,15.71198558807373,2,1,1,0.0,0,1,15,0,2,0,666,0
1,32.54100448752044,0.8810616135597229,1,13,4,0.8444111347198486,1,1,9,1,2,129,-117,1
1,28.75118903790209,11.058584213256836,2,6,4,10.105757713317871,1,1,13,1,2,0,-687,1
1,18.709472324223956,10.712242126464844,2,10,8,10.910284042358398,1,1,24,0,2,0,-1230,1
1,44.05143850488759,0.42756566405296326,2,2,8,0.2816639542579651,1,0,0,1,2,258,498,1
1,26.17583873894901,1.2039130926132202,2,7,4,0.6694035530090332,0,0,0,0,1,0,-34,0
0,19.58902560824886,1.9804773330688477,1,11,4,0.4400362968444824,0,1,7,0,2,199,-261,0
0,22.893650008853356,0.0,2,1,1,0.0,0,0,0,0,2,104,-23,0
0,45.78252675071032,15.185400009155273,2,11,8,9.191649436950684,1,1,7,0,2,0,43,1
1,35.453875357487405,1.39842689037323,2,3,4,0.48387983441352844,0,0,0,0,2,265,-21,0
0,18.564150002707503,0.6171650886535645,1,11,1,0.0,0,1,2,0,2,96,-121,0
1,34.50328498253214,1.1509283781051636,2,3,8,12.741249084472656,1,0,0,1,2,313,10514,0
0,30.02612554798195,0.2810530960559845,2,11,8,5.793139457702637,1,1,7,0,2,292,-274,1
1,33.74816507818773,0.7504052519798279,2,7,4,4.232745170593262,1,0,0,1,1,202,-129,0
1,54.01890976644968,10.557401657104492,2,11,8,14.008814811706543,1,1,11,1,2,0,543,1
1,27.34974642948901,2.3132314682006836,2,11,4,1.726374626159668,1,1,-1,1,2,46,-663,1
1,44.837770285740774,9.878365516662598,2,10,8,5.959068775177002,1,1,10,0,2,0,-203,1
0,36.640773274577356,1.6388369798660278,2,1,1,0.0,0,1,0,0,2,90,-73,0
1,48.92739031452408,1.7244255542755127,2,13,5,0.8428276181221008,1,1,1,1,2,266,-112,1
1,20.99398252797272,1.440561056137085,1,8,4,0.206304132938385,1,0,0,1,2,243,-92,0
0,76.31147677218894,15.109956741333008,1,1,1,0.0,0,1,7,0,2,4,11,0
0,24.219368697265676,1.4685420989990234,1,1,1,0.7985308766365051,0,0,0,0,2,117,1,0
1,33.882424466827494,0.6682795882225037,2,3,8,0.38096535205841064,0,0,0,0,3,81,-16,0
1,24.712615864708997,14.672504425048828,2,6,4,5.761567115783691,1,1,12,1,2,0,-435,1
1,36.399334755929914,3.068713426589966,2,8,4,1.000179648399353,0,0,0,1,2,272,-74,0
0,20.803189473134342,5.993379592895508,2,11,4,1.523803949356079,1,1,6,0,2,134,335,0
1,32.94599453334454,0.46023279428482056,2,6,5,6.768559455871582,1,0,0,1,2,341,-74,1
0,29.516665199846383,1.2641345262527466,2,11,4,0.5686283707618713,1,1,5,0,2,235,-324,1
1,31.352586365818652,4.849303722381592,1,9,4,0.7116878628730774,0,0,0,1,2,431,-114,0
0,23.851326998189897,11.693251609802246,1,10,8,0.0,1,0,0,0,2,0,-144,1
1,21.009881494244627,0.2351074516773224,2,4,4,0.717358410358429,0,0,0,1,2,280,-164,0
1,42.950620837930884,12.920512199401855,2,3,5,7.791316986083984,1,0,1,1,2,269,-142,1
1,31.77807583820404,3.9014666080474854,2,1,1,0.0,0,0,1,1,2,167,-100,0
0,38.27939654537256,1.766740083694458,2,1,1,0.0,0,0,0,0,2,-18,-52,0
1,15.451021349803327,3.471794366836548,2,8,4,3.799424648284912,1,1,6,0,2,0,-1475,1
0,48.50911251045293,6.927914619445801,2,7,4,1.270037055015564,1,1,4,1,2,209,324,1
0,57.04021722967697,13.573217391967773,2,1,1,10.917850494384766,1,1,6,1,2,0,-192,1
0,21.50529167725213,0.003843852551653981,2,8,4,0.9179528951644897,0,0,0,1,3,227,-80,0
1,24.039950870941208,8.097461700439453,2,10,8,5.370670318603516,1,1,18,0,2,0,1478,1
0,59.79660844400363,6.065007209777832,2,9,1,1.4352319240570068,1,1,0,1,2,0,-259,1
1,27.512504189165547,1.6480659246444702,2,13,4,2.4838995933532715,1,1,8,1,2,166,-179,1
0,20.588578679000236,11.027060508728027,2,11,4,5.977503776550293,1,1,2,0,2,0,-487,1
1,33.57455488177128,11.830999374389648,1,8,8,0.6581194996833801,1,1,12,1,2,71,-352,1
1,26.475834291243633,5.6884660720825195,2,11,8,3.620875120162964,1,1,6,0,2,0,-236,1
0,34.40801797785725,4.739281177520752,1,1,1,0.14504043757915497,0,1,0,0,2,371,-124,0
0,34.918647115502175,1.183603286743164,2,3,5,0.013914648443460464,0,0,0,0,2,162,-49,0
1,28.534611841432177,3.961538553237915,2,8,4,1.2775015830993652,1,0,0,1,2,119,-80,0
1,20.21935270700789,10.290680885314941,1,6,8,1.6767038106918335,1,0,0,1,2,34,-187,0
0,24.03280487983189,13.966087341308594,2,11,4,5.727757453918457,1,1,15,0,2,0,-413,1
1,56.18394270315926,11.189507484436035,2,3,8,7.864883899688721,1,1,16,0,2,0,227,1
0,52.268969257153955,8.554885864257812,1,8,8,2.7736239433288574,1,1,0,1,2,112,282,1
0,32.73591645786575,1.5754159688949585,2,8,4,0.5737832188606262,0,0,0,0,1,194,-42,0
1,24.247669203002786,0.0,1,3,4,0.0,0,0,0,0,3,14,-85,1
1,21.686644485447808,1.4597773551940918,1,11,4,1.3011224269866943,1,0,5,1,2,92,-117,1
1,17.257211344049278,0.5913242101669312,2,14,8,1.7900229692459106,1,1,5,1,2,159,21,1
0,33.290030060173166,1.4081382751464844,2,3,5,0.48639535903930664,0,0,0,0,3,151,-54,0
0,23.919964553759623,-0.14942313730716705,1,8,4,0.6243601441383362,0,0,0,1,2,163,-88,0
1,18.835745912199737,1.195350170135498,2,9,4,-0.014618713408708572,0,1,1,0,2,722,-175,0
0,30.745123347489923,1.7027206420898438,2,11,5,0.6169149875640869,1,1,2,0,2,239,-139,0
0,76.73208253561567,6.25015926361084,2,1,1,0.0,0,0,0,0,2,-10,9460,0
1,37.48513775745812,1.831852674484253,2,8,4,0.6763249039649963,0,1,2,0,2,234,-214,0
1,27.897489303554103,0.9091352224349976,2,7,8,3.4736592769622803,1,1,6,0,2,381,395,1
1,16.88812129273839,4.317193031311035,1,9,4,2.2389373779296875,1,1,2,1,2,-72,-379,1
1,25.985744734078118,0.5865253210067749,2,8,8,2.2244315147399902,1,1,8,0,2,392,-110,1
0,36.54878171052748,1.270993947982788,1,1,1,0.0,0,1,0,0,2,206,-72,0
0,24.461500870218103,8.203588485717773,1,8,4,0.6578013896942139,0,0,0,1,2,84,45,1
1,21.470210776851303,10.880281448364258,1,6,4,1.4354126453399658,1,0,0,0,2,63,-188,0
1,39.27643342683022,10.103273391723633,2,2,8,9.534252166748047,1,0,0,1,2,0,-109,0
0,28.65542260405082,1.4746938943862915,1,11,4,0.8710097670555115,0,1,1,0,2,219,-144,0
1,58.71855894343651,5.088323593139648,2,11,1,1.5648711919784546,1,1,2,1,2,0,-502,1
1,30.93717423620294,0.5883558988571167,2,3,5,8.082791328430176,1,0,0,1,1,184,-74,1
1,27.284411944915526,5.7589921951293945,2,9,2,1.8099275827407837,1,0,0,1,2,214,-142,1
1,15.95662969221862,4.347126483917236,2,3,8,17.577987670898438,1,1,7,0,2,343,-130,1
1,37.564288296231815,5.918302536010742,2,8,4,0.8263656497001648,0,0,0,0,2,116,-59,0
1,36.46297539188112,4.5737996101379395,2,8,8,3.3055977821350098,1,1,4,0,2,0,-741,1
1,40.19424910654389,3.958212375640869,2,13,8,8.028413772583008,1,1,11,1,2,0,603,1
0,33.24998274698448,0.3440742790699005,1,11,4,3.518974542617798,1,1,7,0,2,246,-474,1
0,20.669102185374886,0.09723660349845886,2,11,4,1.1502412557601929,1,1,4,1,2,105,512,1
1,21.949574414436956,2.731090784072876,2,8,4,0.5502628087997437,0,0,0,0,2,0,-14,0
1,27.50322896739032,0.0,2,7,4,0.0,0,0,0,0,3,0,-49,1
0,44.5369612478665,2.064840793609619,2,1,1,0.0,0,1,3,0,2,177,-100,0
1,34.35102795924045,15.870048522949219,2,3,8,0.0,1,1,7,0,2,78,-303,0
1,22.443190709193463,0.9330156445503235,1,11,4,1.0831506252288818,1,1,1,0,2,251,-341,1
1,36.24561714445845,1.7772626876831055,2,7,8,2.1286261081695557,1,0,0,0,2,281,-33,0
0,20.841279907653096,1.9451749324798584,1,6,4,6.5757269859313965,1,1,6,1,2,93,-301,1
0,47.44807825049155,1.5112671852111816,2,5,5,0.0,0,0,0,0,2,167,-86,0
1,30.858751195790518,0.04258151352405548,2,8,5,2.7989954948425293,1,1,7,0,2,309,-225,1
1,22.083433338390396,1.5005141496658325,2,3,4,4.2495622634887695,1,0,0,1,2,188,-88,1
1,44.909705161986196,0.9131892323493958,2,11,8,5.845107555389404,1,1,16,0,2,0,-190,1
1,39.708759138679184,0.12087910622358322,1,4,4,0.3318735361099243,0,0,0,0,2,216,-86,0
1,19.90059948674413,4.6007819175720215,2,11,4,2.455589771270752,1,0,0,1,2,176,-53,1
0,21.898382704861117,0.936421811580658,1,5,8,0.5805596709251404,1,0,0,1,2,115,-68,0
1,25.356921262049543,0.42595455050468445,2,2,8,1.738991618156433,1,0,5,1,2,180,-20,1
0,25.122002815224427,14.916657447814941,1,1,1,0.0,1,1,17,0,2,0,-231,0
0,21.48417284497721,0.0,1,8,4,0.0,0,0,0,0,3,144,-2,1
1,18.159378440821378,8.254705429077148,2,14,4,2.4848814010620117,1,1,6,1,2,72,128,1
1,28.664348873029905,1.8330879211425781,2,9,8,9.908185958862305,1,0,8,1,2,188,-78,0
0,46.270044151076036,12.710360527038574,2,11,9,0.0,1,1,11,0,2,96,-375,0
1,23.80693302880407,0.0,1,8,4,0.3989643454551697,0,0,0,0,1,147,-171,1
1,20.821719158604022,0.0,1,8,4,0.0,0,0,0,0,3,144,0,1
1,20.056692844666106,0.8579369783401489,2,8,4,0.22565500438213348,0,1,4,0,2,754,-228,0
1,32.118352725693825,0.22111213207244873,2,3,5,7.962884426116943,1,1,3,1,2,380,685,1
0,20.252233000392465,9.231149673461914,2,11,8,0.38459378480911255,0,0,0,0,2,0,-67,0
0,22.06696012145699,11.41988468170166,2,11,4,0.5537293553352356,0,1,0,0,2,96,-317,0
1,18.983925615449905,1.3131046295166016,1,8,4,0.38539066910743713,0,0,0,0,2,320,-128,0
1,51.37461398140705,18.226360321044922,2,10,9,16.236318588256836,1,1,7,1,2,0,-7733,1
1,36.4935631510408,5.2829813957214355,1,8,4,2.6444363594055176,0,0,0,0,1,85,-60,0
1,39.332021534219805,13.34930419921875,2,13,8,13.912542343139648,1,1,14,1,2,0,-176,1
0,64.24044259221613,4.61181116104126,2,1,1,0.0,0,1,12,0,2,0,-179,0
1,18.88159201492457,13.766167640686035,1,8,8,1.4204586744308472,1,0,0,1,2,-34,-107,0
1,24.386104885584878,5.801581382751465,2,9,4,0.32280534505844116,0,1,0,0,2,150,-35,0
0,48.87920665333952,13.805535316467285,2,9,1,14.731006622314453,1,1,3,1,2,0,5598,1
1,20.55861766612627,1.413283348083496,2,8,4,1.1801650524139404,0,0,0,0,2,165,-176,0
1,22.94649784653154,9.45092487335205,1,11,8,1.8070189952850342,1,1,0,1,2,22,-127,1
1,23.293715985373446,0.0,2,8,4,1.7765239477157593,1,0,0,0,1,-30,-117,0
1,36.698326483832275,12.183804512023926,1,8,8,11.228730201721191,1,1,8,1,2,125,-203,1
1,20.398675648707776,14.498859405517578,2,8,8,4.040616035461426,1,1,6,1,2,0,-497,1
0,31.572164275642873,1.346941351890564,2,11,4,0.7725733518600464,0,1,0,1,2,209,-90,0
0,22.067293923314644,0.9024187326431274,2,8,4,0.7185804843902588,0,0,0,0,2,378,18673,0
1,33.32606660471219,3.792912721633911,2,8,5,1.1882840394973755,0,0,0,1,2,182,-87,0
1,22.307194473459337,1.6155122518539429,1,8,4,0.7264726161956787,1,1,1,1,2,219,-161,0
1,30.078725226567997,-0.19978830218315125,2,3,5,3.6088192462921143,1,0,0,1,2,642,-142,0
0,19.970255025660308,2.415428876876831,1,11,4,2.35640811920166,1,1,1,1,2,65,-210,0
0,31.365933017549246,2.7244746685028076,2,8,4,3.6873679161071777,1,1,5,0,2,159,-281,1
1,25.251068772168715,8.044875144958496,1,8,4,0.32887041568756104,0,0,0,0,3,123,-129,0
1,22.110213039565544,0.0,1,7,4,0.20870576798915863,0,0,0,0,1,136,-74,1
1,22.173378138460006,11.861194610595703,1,8,8,1.971366286277771,1,0,0,0,3,39,-44,1
0,21.898507194556387,5.54961633682251,2,1,1,0.0,0,0,0,1,2,208,-28,0
1,25.895896422461867,0.43910345435142517,2,11,8,3.0267837047576904,1,1,4,0,2,307,-150,1
0,28.333118190016435,3.1265554428100586,2,8,3,0.0,0,0,0,0,2,294,-35,0
1,50.7131493686148,5.144867897033691,2,9,8,3.3682444095611572,1,1,10,1,2,0,-220,1
1,32.013614988494616,2.019094705581665,2,7,4,0.8961032629013062,0,0,0,1,1,397,-107,0
0,29.706476050166405,1.1706318855285645,2,6,4,0.3846132755279541,0,0,0,1,2,274,13023,0
1,21.471519198239672,10.556290626525879,1,6,8,14.409204483032227,1,0,0,0,2,107,-194,1
1,51.59434291087872,13.286362648010254,2,10,8,0.0,1,1,10,0,2,0,-375,1
0,55.93834076572321,4.563642978668213,2,11,4,8.41968059539795,1,1,8,0,2,0,-1057,1
1,37.1435908608348,1.1539496183395386,2,8,4,0.5907149314880371,0,0,0,1,2,163,-31,0
1,18.01881575530809,14.559915542602539,2,6,8,3.154423713684082,1,1,12,1,2,-3,-384,1
0,40.561740345486676,4.169309139251709,2,8,3,0.5027602314949036,0,0,0,0,2,219,-27,0
0,37.06631944127228,3.34279727935791,2,8,5,0.12430461496114731,0,0,0,0,2,91,-59,0
1,21.272033134328385,8.977653503417969,1,8,4,0.5663772225379944,1,0,0,0,2,139,-128,1
0,20.830527501209144,3.6662912368774414,2,11,4,3.454946517944336,1,1,4,1,2,63,-1498,1
0,15.961977105310961,1.0412797927856445,1,11,4,0.16658467054367065,0,1,2,0,2,164,-121,0
1,21.741149414132366,0.5171635746955872,2,7,8,0.0742744505405426,1,0,0,1,2,118,-64,0
1,19.528191833394217,3.2417709827423096,2,9,4,0.8149452805519104,1,1,1,1,2,44,-143,1
1,34.33921995207105,0.39918723702430725,2,3,5,0.5380423069000244,0,0,0,1,2,226,3,0
1,34.51336317430145,0.0,2,9,4,-0.004992858972400427,0,0,0,0,1,0,-103,0
1,26.397020700890327,0.0,2,8,4,0.0,0,0,0,0,3,116,-60,1
1,26.88627828354481,1.5522379875183105,1,8,4,0.15474772453308105,0,0,0,0,1,108,-74,0
0,23.661280312817375,0.0,2,8,3,0.34563538432121277,0,0,0,0,2,371,-71,0
0,32.576961588686565,2.000009298324585,2,11,5,1.4090431928634644,0,1,0,0,2,148,-289,1
0,22.859759978356138,0.7481029033660889,1,8,4,0.9392881989479065,1,1,5,1,2,74,420,1
0,20.969604499742392,7.097805023193359,1,5,4,0.17380249500274658,0,0,0,0,2,140,-67,0
0,24.94440828413154,0.0,2,1,1,0.0,0,0,0,0,2,0,-27,0
0,34.823429918806376,6.785403251647949,2,3,5,1.4948323965072632,0,0,0,1,2,261,-20,0
1,17.867858947992342,1.4738287925720215,2,8,8,1.3023277521133423,1,0,0,1,2,212,-138,1
1,32.71424692112899,0.4329354763031006,1,11,8,2.6859827041625977,1,1,14,0,2,285,-207,1
0,31.95800895500393,2.2764391899108887,2,11,5,7.065542697906494,1,1,8,0,2,179,-451,1
0,25.721765618017923,0.0,1,1,1,0.0,0,0,0,0,2,0,-28,0
1,27.186150016943294,0.48454734683036804,2,4,4,0.21763776242733002,0,0,0,0,2,154,-122,0
1,22.905404986717116,1.7210712432861328,2,7,4,0.10736420750617981,0,0,0,1,2,203,-99,0
0,20.785874543211044,13.31595230102539,1,8,4,0.7063640356063843,1,1,10,0,2,113,-333,1
0,57.96394572427317,0.0,2,5,1,0.0,0,0,0,0,3,-44,-89,1
0,38.72535379549919,0.6382869482040405,1,11,8,1.3348602056503296,1,1,16,0,2,0,236,1
0,15.282275880649419,4.14990234375,2,11,4,3.783707857131958,0,1,2,0,2,0,-361,0
1,33.76870568123174,1.2403161525726318,1,3,5,0.34347003698349,0,0,0,0,1,120,-47,0
1,21.004557270730956,-0.05760222673416138,2,11,4,0.975648045539856,0,0,0,1,2,0,-76,0
1,32.82721528537309,2.323124647140503,1,4,4,0.20633506774902344,0,0,0,0,2,66,-17,0
1,21.63294582209722,11.326594352722168,2,6,4,0.7961034774780273,1,1,3,0,2,82,-354,1
1,37.065654202884865,1.31375253200531,2,8,4,0.2263690084218979,0,0,0,0,3,31,-60,1
1,41.993557705390785,11.692319869995117,2,10,8,5.578604221343994,1,1,16,0,2,0,-455,1
1,21.26074819179191,6.004443168640137,1,11,4,2.1929187774658203,1,1,2,1,2,0,-251,1
1,31.94261479913285,1.299120306968689,2,8,4,-0.22332926094532013,1,0,0,1,1,165,-53,0
1,33.361853071689524,0.0,3,3,4,0.4300975203514099,0,0,0,0,1,144,-54,0
0,33.959883326644665,4.251132965087891,2,5,5,0.0,0,0,0,0,2,200,-89,0
1,33.94840239879753,1.1387078762054443,2,7,4,2.5629642009735107,1,0,6,1,2,348,-87,1
0,22.036603886501123,0.43734055757522583,1,11,4,0.2697535753250122,0,1,6,0,2,149,-125,0
0,21.71532137571548,0.9493952989578247,1,11,4,0.9460616707801819,1,1,7,1,2,83,768,1
0,36.1843857808292,0.8736095428466797,2,8,4,0.3887302577495575,0,0,1,1,2,233,280,0
1,22.38165534118226,0.3143919110298157,2,11,4,0.34726783633232117,0,1,7,0,2,256,-552,0
0,27.899500112043327,1.580464482307434,2,11,4,2.7575058937072754,1,1,2,1,2,2,-231,1
1,23.337863477674155,0.6700276732444763,2,8,4,1.4365333318710327,0,0,0,1,1,0,-117,0
0,48.47673270450907,12.222558975219727,1,11,1,1.0635230541229248,1,1,8,1,2,79,-164,0
0,22.39067353222154,1.2412899732589722,2,4,4,0.6332761645317078,0,0,0,0,2,199,-47,0
0,36.49999064434263,5.689449787139893,2,3,4,0.17935919761657715,0,0,0,0,2,101,-36,0
1,32.011379572433015,7.077415466308594,2,13,3,7.340914249420166,1,0,8,1,1,598,-125,1
1,35.61525736040813,1.2280802726745605,1,8,4,1.3184740543365479,1,1,0,0,1,41,-209,0
1,53.752683457812864,13.784897804260254,2,7,5,19.00028419494629,1,1,17,1,2,0,-1365,1
0,18.13860885076604,1.4805843830108643,1,1,1,0.0,0,1,3,0,2,71,-304,0
1,24.08484009382083,1.0966113805770874,2,3,4,0.0,0,0,0,0,3,44,-107,1
0,41.31849870348986,12.035415649414062,2,14,8,0.528527557849884,1,0,0,1,2,0,598,1
0,37.06477803525267,3.120889186859131,2,11,4,7.496473789215088,1,1,8,0,2,235,-935,1
0,27.14273137797041,10.974276542663574,2,1,1,0.0,0,0,0,1,2,74,-108,0
0,24.693650664352887,16.535842895507812,1,11,4,0.6744928359985352,1,1,0,1,2,52,-451,1
1,34.33907392413234,1.0078624486923218,1,9,4,-0.09953813999891281,1,0,0,1,1,211,-78,0
1,23.836519719533545,0.0,1,8,4,0.4876653552055359,0,0,0,0,3,122,-21,1
1,21.20409572801512,1.3614634275436401,2,8,4,3.283120632171631,1,1,1,1,2,147,-259,1
1,21.76331980233583,1.0499542951583862,2,11,4,2.2299158573150635,1,1,5,0,2,98,-318,1
1,22.35560624077231,0.8552365303039551,2,8,4,-0.17634309828281403,0,0,0,0,2,116,-200,0
0,35.464901211250236,4.695908546447754,2,1,1,0.09567994624376297,0,1,3,0,2,0,-141,0
0,19.78731488771642,1.0922741889953613,2,11,4,0.8299756646156311,1,1,0,1,2,116,-219,1
1,30.880878579168414,0.5424900650978088,2,8,4,2.4762613773345947,1,1,6,0,2,294,-221,1
0,52.56215088464491,10.933463096618652,2,10,8,0.0,1,0,0,0,3,0,15,1
1,23.018238641809084,13.677460670471191,2,14,5,13.403033256530762,1,1,3,1,2,0,-891,1
1,30.769280299995827,8.506032943725586,2,6,8,17.160385131835938,1,1,11,0,2,110,-805,1
1,24.068151418370228,5.069575786590576,1,11,4,4.525640487670898,1,1,5,1,2,0,-295,1
1,20.718440009220032,0.2888544201850891,2,8,4,3.633962869644165,1,1,9,0,2,313,-511,1
1,53.90836087947987,9.269612312316895,2,11,9,7.665929794311523,1,1,14,0,2,0,-730,1
1,21.329007558017846,3.3298285007476807,2,9,4,0.5900105834007263,0,0,0,1,2,223,-54,0
0,19.551821331076724,0.37341102957725525,1,11,4,1.545739769935608,1,1,1,0,2,37,-279,1
1,22.053399502741286,3.693636417388916,2,11,4,0.8171929717063904,1,1,1,1,2,64,-157,1
1,38.35293651716816,2.8026325702667236,2,3,5,6.929012775421143,1,0,9,0,2,206,11753,1
1,38.11128518261006,2.0165646076202393,2,8,5,0.617480456829071,0,0,0,1,2,326,14219,0
0,22.137696571014192,2.7957797050476074,2,11,4,0.8580366373062134,0,1,2,0,2,161,-426,0
1,26.118510459504744,11.863054275512695,2,9,8,2.0423455238342285,1,1,9,1,2,165,-497,1
1,16.258528051918052,1.508448600769043,1,8,8,0.7933151721954346,1,0,0,0,2,62,-271,1
0,52.951038758207304,4.790628433227539,2,11,5,0.8993635773658752,0,0,0,0,2,221,-96,0
1,20.348880680527962,10.400314331054688,1,8,8,0.0,0,0,0,1,1,49,-126,1
1,34.3620178565008,0.9228947758674622,2,3,3,5.8275837898254395,1,1,8,0,2,0,-20,1
0,48.98629076821985,8.14861011505127,2,1,7,0.0,0,0,0,1,2,0,-80,1
1,26.483870559638433,0.9232140779495239,2,11,4,4.014969825744629,1,1,0,0,2,103,-461,1
0,36.563333941751985,3.093235492706299,2,11,4,0.9447418451309204,0,1,0,0,2,160,-189,0
0,30.792186039066983,4.464590072631836,2,11,5,0.8015425205230713,0,1,10,1,2,165,-225,0
1,23.761680427431394,9.478981971740723,2,6,4,1.2025279998779297,1,1,5,1,2,0,-685,1
1,34.793401367411946,1.7386972904205322,2,2,5,1.1404889822006226,0,0,0,1,2,329,9106,0
1,37.66176251131348,0.39886361360549927,1,3,5,0.0,0,0,0,0,3,26,-52,1
1,23.061503178638223,0.0,2,8,4,-0.018910706043243408,0,0,0,0,3,133,-39,1
1,40.190523797774354,2.0386528968811035,2,4,5,0.726427435874939,0,0,0,1,1,309,-60,0
1,21.35035279206384,-0.08608898520469666,2,11,4,0.8081128597259521,0,0,0,0,2,0,583,0
1,25.769129255246483,8.489075660705566,1,8,4,0.03131899982690811,0,0,0,0,1,144,-111,0
1,23.299323538106783,0.0,2,8,4,0.0,0,0,0,0,3,92,-100,1
1,33.67132089411253,-0.5985183119773865,2,8,8,0.6936023235321045,1,0,0,1,2,414,918,1
1,14.581352831096172,-0.37959110736846924,2,11,8,3.0911200046539307,1,1,7,1,2,0,-118,1
0,36.67817265221095,4.548159599304199,2,11,5,1.2350690364837646,1,1,8,0,2,143,532,1
1,28.28758237713174,3.133112668991089,2,3,2,6.029162406921387,1,1,6,0,2,0,-362,1
1,42.11148861101769,10.818831443786621,2,10,8,11.711862564086914,1,1,2,0,2,0,-382,1
0,26.377120740450533,9.651601791381836,2,11,5,7.067831993103027,1,1,1,0,2,149,-455,1
1,35.69372766580791,5.178935527801514,2,13,5,6.8369574546813965,1,1,9,0,2,0,-28,1
1,24.228489799749518,2.4958434104919434,2,13,4,3.1333181858062744,1,1,4,1,2,194,-711,1
0,26.0091253692887,0.0,1,8,4,0.0,0,0,0,0,3,144,-4,1
1,37.290337996565704,2.1137359142303467,2,7,8,2.3952293395996094,1,0,0,0,1,139,-119,0
0,48.928316929852876,0.0,2,5,4,0.0,0,0,0,0,3,303,-97,1
0,18.139799948151964,0.8225169777870178,1,11,4,0.7925909161567688,0,1,0,1,2,49,-48,0
